{"cameraMode":{"drawMode":0,"name":"Shaded","section":"Shading Mode"},"sceneLighting":true,"audioPlay":false,"sceneViewState":{"showFog":true,"showMaterialUpdate":false,"showSkybox":true,"showFlares":true,"showImageEffects":true,"showParticleSystems":true},"in2DMode":false,"pivot":{"x":-2.5008201599121095,"y":1.8170409202575684,"z":-8.048200607299805},"rotation":{"x":-0.15262548625469209,"y":0.03319763392210007,"z":-0.005130666308104992,"w":-0.9877244830131531},"size":20.965932846069337,"orthographic":false}